STT,OLT Hostname,Site Code,Đơn vị quản lý,Lớp mạng,OLT Vander,OLT Type,IP,Tình trạng white-list
1,YGN0519OLT001,YGN0519,MYT_YGN_TEAM06_Dagon Myothit (North),GPON_OLT,Huawei,MA5801,10.69.109.49,Chưa add white-list
2,YGN0409OLT001,YGN0409,MYT_YGN_TEAM06_Dagon Myothit (North),GPON_OLT,ZTE,C610,10.69.108.210,Chưa add white-list
3,YGN1320OLT001,YGN1320,MYT_YGN_TEAM06_Dagon Myothit (North),GPON_OLT,ZTE,C320_mini_OLT_ZTE,10.69.111.65,Chưa add white-list
4,YGN1295OLT001,YGN1295,MYT_YGN_TEAM06_Dagon Myothit (North),GPON_OLT,ZTE,C610,10.69.112.241,Chưa add white-list
5,YGN1274OLT001,YGN1274,MYT_YGN_TEAM06_Dagon Myothit (North),GPON_OLT,ZTE,C320_mini_OLT_ZTE,10.69.109.145,Chưa add white-list
6,YGN0508OLT001,YGN0508,MYT_YGN_TEAM06_Dagon Myothit (North),GPON_OLT,ZTE,C610,10.69.110.225,Chưa add white-list
7,YGN0526OLT001,YGN0526,MYT_YGN_TEAM06_Dagon Myothit (North),GPON_OLT,ZTE,C320_mini_OLT_ZTE,10.69.110.17,Chưa add white-list
8,YGN0457OLT001,YGN0457,MYT_YGN_TEAM05_Insein,GPON_OLT,Huawei,MA5801,10.69.95.113,Chưa add white-list
9,YGN0428OLT001,YGN0428,MYT_YGN_TEAM05_Insein,GPON_OLT,ZTE,C320_mini_OLT_ZTE,10.69.95.226,Chưa add white-list
10,YGN0907OLT001,YGN0907,MYT_YGN_TEAM03_Thingangyun,GPON_OLT,ZTE,C610,10.77.13.161,Chưa add white-list
11,YGN1437OLT002,YGN1437,MYT_YGN_TEAM03_Thingangyun,GPON_OLT,ZTE,C610,10.69.116.242,Chưa add white-list
12,YGN1297OLT001,YGN1297,MYT_YGN_TEAM03_Thingangyun,GPON_OLT,ZTE,C320_mini_OLT_ZTE,10.69.115.177,Chưa add white-list
13,YGN0360OLT001,YGN0360,MYT_YGN_TEAM03_Thingangyun,GPON_OLT,ZTE,C320_mini_OLT_ZTE,10.69.115.33,Chưa add white-list
14,YGN1437OLT001,YGN1437,MYT_YGN_TEAM03_Thingangyun,GPON_OLT,ZTE,C610,10.69.116.241,Chưa add white-list
15,YGN0269OLT001,YGN0269,MYT_YGN_TEAM03_Thingangyun,GPON_OLT,ZTE,C320_mini_OLT_ZTE,10.69.114.81,Chưa add white-list
16,YGN0227OLT001,YGN0227,MYT_YGN_TEAM03_Thingangyun,GPON_OLT,ZTE,C320_mini_OLT_ZTE,10.69.116.97,Chưa add white-list
17,YGN0127OLT001,YGN0127,MYT_YGN_TEAM03_Thingangyun,GPON_OLT,ZTE,C320_mini_OLT_ZTE,10.77.3.129,Chưa add white-list
18,YGN0373OLT001,YGN0373,MYT_YGN_TEAM03_Thingangyun,GPON_OLT,ZTE,C320_mini_OLT_ZTE,10.69.113.177,Chưa add white-list
19,YGN0220OLT001,YGN0220,MYT_YGN_TEAM03_Thingangyun,GPON_OLT,ZTE,C320_mini_OLT_ZTE,10.69.117.225,Chưa add white-list
20,YGN0023OLT001,YGN0023,MYT_YGN_TEAM03_Thingangyun,GPON_OLT,ZTE,C320_mini_OLT_ZTE,10.77.4.145,Chưa add white-list
21,YGN0375OLT001,YGN0375,MYT_YGN_TEAM03_Thingangyun,GPON_OLT,ZTE,C320_mini_OLT_ZTE,10.77.4.177,Chưa add white-list
22,YGN0352OLT001,YGN0352,MYT_YGN_TEAM03_Thingangyun,GPON_OLT,ZTE,C320_mini_OLT_ZTE,10.69.116.129,Chưa add white-list
23,YGN0384OLT001,YGN0384,MYT_YGN_TEAM03_Thingangyun,GPON_OLT,ZTE,C320_mini_OLT_ZTE,10.69.113.81,Chưa add white-list
24,YGN0380OLT001,YGN0380,MYT_YGN_TEAM03_Thingangyun,GPON_OLT,ZTE,C320_mini_OLT_ZTE,10.69.115.241,Chưa add white-list
25,YGN0399OLT001,YGN0399,MYT_YGN_TEAM03_Thingangyun,GPON_OLT,ZTE,C320_mini_OLT_ZTE,10.69.113.241,Chưa add white-list
26,YGN0022OLT001,YGN0022,MYT_YGN_TEAM03_Thingangyun,GPON_OLT,ZTE,C320_mini_OLT_ZTE,10.77.5.97,Chưa add white-list
27,YGN1277OLT001,YGN1277,MYT_YGN_TEAM03_Thingangyun,GPON_OLT,ZTE,C320_mini_OLT_ZTE,10.69.115.225,Chưa add white-list
28,YGN1390OLT001,YGN1390,MYT_YGN_TEAM03_Thingangyun,GPON_OLT,ZTE,C320_mini_OLT_ZTE,10.69.116.193,Chưa add white-list
29,YGN0363OLT001,YGN0363,MYT_YGN_TEAM03_Thingangyun,GPON_OLT,ZTE,C320_mini_OLT_ZTE,10.69.114.1,Chưa add white-list
30,YGN0359OLT001,YGN0359,MYT_YGN_TEAM03_Thingangyun,GPON_OLT,ZTE,C320_mini_OLT_ZTE,10.69.115.1,Chưa add white-list
31,YGN0377OLT001,YGN0377,MYT_YGN_TEAM03_Thingangyun,GPON_OLT,ZTE,C320_mini_OLT_ZTE,10.69.116.1,Chưa add white-list
32,YGN0050OLT001,YGN0050,MYT_YGN_TEAM03_Thingangyun,GPON_OLT,ZTE,C320_mini_OLT_ZTE,10.69.126.113,Chưa add white-list
33,YGN0356OLT001,YGN0356,MYT_YGN_TEAM03_Thingangyun,GPON_OLT,ZTE,C320_mini_OLT_ZTE,10.69.116.65,Chưa add white-list
34,YGN1290OLT001,YGN1290,MYT_YGN_TEAM03_Thingangyun,GPON_OLT,ZTE,C320_mini_OLT_ZTE,10.77.11.161,Chưa add white-list
35,YGN1112OLT001,YGN1112,MYT_YGN_TEAM03_Thingangyun,GPON_OLT,ZTE,C320_mini_OLT_ZTE,10.77.2.241,Chưa add white-list
36,YGN0386OLT001,YGN0386,MYT_YGN_TEAM03_Thingangyun,GPON_OLT,ZTE,C320_mini_OLT_ZTE,10.69.114.49,Chưa add white-list
37,YGN0017OLT001,YGN0017,MYT_YGN_TEAM03_Thingangyun,GPON_OLT,ZTE,C320_mini_OLT_ZTE,10.69.114.241,Chưa add white-list
38,YGN0372OLT001,YGN0372,MYT_YGN_TEAM03_Thingangyun,GPON_OLT,ZTE,C320_mini_OLT_ZTE,10.69.115.113,Chưa add white-list
39,YGN0201OLT001,YGN0201,MYT_YGN_TEAM03_Thingangyun,GPON_OLT,ZTE,C320_mini_OLT_ZTE,10.69.117.145,Chưa add white-list
40,YGN0398OLT001,YGN0398,MYT_YGN_TEAM03_Thingangyun,GPON_OLT,ZTE,C610,10.69.115.81,Chưa add white-list
41,YGN0136OLT001,YGN0136,MYT_YGN_TEAM03_Thingangyun,GPON_OLT,ZTE,C320_mini_OLT_ZTE,10.77.4.65,Chưa add white-list
42,YGN0278OLT001,YGN0278,MYT_YGN_TEAM01_Dagon,GPON_OLT,ZTE,C610,10.69.94.113,Chưa add white-list
43,YGN1366OLT001,YGN1366,MYT_YGN_TEAM01_Dagon,GPON_OLT,ZTE,C610,10.69.98.129,Chưa add white-list
44,YGN0472OLT001,YGN0472,MYT_YGN_TEAM01_Dagon,GPON_OLT,ZTE,C610,10.77.127.193,Chưa add white-list
45,YGN0607OLT002,YGN0607,MYT_YGN_TEAM01_Dagon,GPON_OLT,ZTE,C610,10.77.24.98,Chưa add white-list
46,YGN0521OLT001,YGN0521,MYT_YGN_TEAM01_Dagon,GPON_OLT,ZTE,C610,10.77.127.241,Chưa add white-list
47,YGN1296OLT001,YGN1296,MYT_YGN_TEAM01_Dagon,GPON_OLT,ZTE,C610,10.69.109.97,Chưa add white-list
48,YGN0228OLT001,YGN0228,MYT_YGN_TEAM01_Dagon,GPON_OLT,ZTE,C610,10.69.95.193,Chưa add white-list
49,YGN1373OLT002,YGN1373,MYT_YGN_TEAM01_Dagon,GPON_OLT,ZTE,C610,10.69.108.114,Chưa add white-list
50,YGN1539OLT001,YGN1539,MYT_YGN_TEAM01_Dagon,GPON_OLT,ZTE,C610,10.69.124.161,Chưa add white-list
51,YGN0105OLT002,YGN0105,MYT_YGN_TEAM01_Dagon,GPON_OLT,ZTE,C610,10.69.126.146,Chưa add white-list
52,YGN1106OLT001,YGN1106,MYT_YGN_TEAM01_Dagon,GPON_OLT,ZTE,C610,10.77.14.241,Chưa add white-list
53,YGN0482OLT002,YGN0482,MYT_YGN_TEAM01_Dagon,GPON_OLT,ZTE,C610,10.77.23.114,Chưa add white-list
54,YGN1230OLT002,YGN1230,MYT_YGN_TEAM01_Dagon,GPON_OLT,ZTE,C610,10.69.108.116,Chưa add white-list
55,YGN1272OLT001,YGN1272,MYT_YGN_TEAM01_Dagon,GPON_OLT,ZTE,C610,10.69.121.177,Chưa add white-list
56,YGN0273OLT001,YGN0273,MYT_YGN_TEAM01_Dagon,GPON_OLT,ZTE,C610,10.69.123.113,Chưa add white-list
57,YGN0480OLT001,YGN0480,MYT_YGN_TEAM01_Dagon,GPON_OLT,ZTE,C610,10.69.119.145,Chưa add white-list
58,BGO0092OLT001,BGO0092,MYT_YGN_TEAM01_Dagon,GPON_OLT,ZTE,C610,10.69.32.209,Chưa add white-list
59,YGN0483OLT001,YGN0483,MYT_YGN_TEAM01_Dagon,GPON_OLT,ZTE,C610,10.69.98.49,Chưa add white-list
60,YGN1792OLT001,YGN1792,MYT_YGN_TEAM01_Dagon,GPON_OLT,ZTE,C610,10.69.84.209,Chưa add white-list
61,YGN1345OLT002,YGN1345,MYT_YGN_TEAM01_Dagon,GPON_OLT,ZTE,C610,10.69.90.242,Chưa add white-list
62,YGN1345OLT001,YGN1345,MYT_YGN_TEAM01_Dagon,GPON_OLT,Huawei,MA5801,10.69.90.241,Chưa add white-list
63,YGN0069OLT001,YGN0069,MYT_YGN_TEAM01_Dagon,GPON_OLT,ZTE,C320_mini_OLT_ZTE,10.69.124.193,Chưa add white-list
64,YGN0150OLT001,YGN0150,MYT_YGN_TEAM01_Dagon,GPON_OLT,ZTE,C320_mini_OLT_ZTE,10.77.2.177,Chưa add white-list
65,YGN1421OLT001,YGN1421,MYT_YGN_TEAM01_Dagon,GPON_OLT,ZTE,C320_mini_OLT_ZTE,10.77.16.225,Chưa add white-list
66,YGN0011OLT001,YGN0011,MYT_YGN_TEAM01_Dagon,GPON_OLT,ZTE,C320_mini_OLT_ZTE,10.77.12.129,Chưa add white-list
67,YGN0180OLT001,YGN0180,MYT_YGN_TEAM01_Dagon,GPON_OLT,ZTE,C320_mini_OLT_ZTE,10.77.15.33,Chưa add white-list
68,YGN0137OLT001,YGN0137,MYT_YGN_TEAM01_Dagon,GPON_OLT,ZTE,C320_mini_OLT_ZTE,10.77.2.33,Chưa add white-list
69,YGN1104OLT001,YGN1104,MYT_YGN_TEAM01_Dagon,GPON_OLT,ZTE,C320_mini_OLT_ZTE,10.77.17.17,Chưa add white-list
70,YGN0043OLT001,YGN0043,MYT_YGN_TEAM01_Dagon,GPON_OLT,ZTE,C320_mini_OLT_ZTE,10.69.125.129,Chưa add white-list
71,YGN0093OLT001,YGN0093,MYT_YGN_TEAM01_Dagon,GPON_OLT,ZTE,C320_mini_OLT_ZTE,10.69.127.225,Chưa add white-list
72,YGN0321OLT001,YGN0321,MYT_YGN_TEAM01_Dagon,GPON_OLT,ZTE,C320_mini_OLT_ZTE,10.77.15.225,Chưa add white-list
73,YGN0154OLT001,YGN0154,MYT_YGN_TEAM01_Dagon,GPON_OLT,ZTE,C320_mini_OLT_ZTE,10.77.13.225,Chưa add white-list
74,YGN0238OLT001,YGN0238,MYT_YGN_TEAM01_Dagon,GPON_OLT,ZTE,C320_mini_OLT_ZTE,10.77.1.97,Chưa add white-list
75,YGN0041OLT001,YGN0041,MYT_YGN_TEAM01_Dagon,GPON_OLT,ZTE,C320_mini_OLT_ZTE,10.69.125.225,Chưa add white-list
76,YGN0166OLT001,YGN0166,MYT_YGN_TEAM01_Dagon,GPON_OLT,ZTE,C320_mini_OLT_ZTE,10.77.15.161,Chưa add white-list
77,YGN0119OLT001,YGN0119,MYT_YGN_TEAM01_Dagon,GPON_OLT,ZTE,C320_mini_OLT_ZTE,10.69.127.193,Chưa add white-list
78,YGN0100OLT001,YGN0100,MYT_YGN_TEAM01_Dagon,GPON_OLT,ZTE,C320_mini_OLT_ZTE,10.69.124.113,Chưa add white-list
79,YGN0158OLT001,YGN0158,MYT_YGN_TEAM01_Dagon,GPON_OLT,ZTE,C320_mini_OLT_ZTE,10.77.10.161,Chưa add white-list
80,YGN0262OLT001,YGN0262,MYT_YGN_TEAM01_Dagon,GPON_OLT,ZTE,C320_mini_OLT_ZTE,10.77.16.1,Chưa add white-list
81,YGN0225OLT001,YGN0225,MYT_YGN_TEAM01_Dagon,GPON_OLT,ZTE,C320_mini_OLT_ZTE,10.77.2.129,Chưa add white-list
82,YGN0156OLT001,YGN0156,MYT_YGN_TEAM01_Dagon,GPON_OLT,ZTE,C320_mini_OLT_ZTE,10.77.13.193,Chưa add white-list
83,YGN0168OLT001,YGN0168,MYT_YGN_TEAM01_Dagon,GPON_OLT,ZTE,C320_mini_OLT_ZTE,10.77.14.161,Chưa add white-list
84,YGN0094OLT001,YGN0094,MYT_YGN_TEAM01_Dagon,GPON_OLT,ZTE,C320_mini_OLT_ZTE,10.77.0.177,Chưa add white-list
85,YGN0133OLT001,YGN0133,MYT_YGN_TEAM01_Dagon,GPON_OLT,ZTE,C320_mini_OLT_ZTE,10.77.5.113,Chưa add white-list
86,YGN0231OLT001,YGN0231,MYT_YGN_TEAM01_Dagon,GPON_OLT,ZTE,C320_mini_OLT_ZTE,10.77.3.81,Chưa add white-list
87,YGN0232OLT001,YGN0232,MYT_YGN_TEAM01_Dagon,GPON_OLT,ZTE,C320_mini_OLT_ZTE,10.69.123.161,Chưa add white-list
88,YGN1714OLT002,YGN1714,MYT_YGN_TEAM12_Thanlyin,GPON_OLT,ZTE,C610,10.77.64.18,Chưa add white-list
89,YGN1075OLT002,YGN1075,MYT_YGN_TEAM12_Thanlyin,GPON_OLT,ZTE,C610,10.69.50.50,Chưa add white-list
90,YGN1219OLT001,YGN1219,MYT_YGN_TEAM12_Thanlyin,GPON_OLT,ZTE,C610,10.69.85.1,Chưa add white-list
91,YGN1077OLT001,YGN1077,MYT_YGN_TEAM12_Thanlyin,GPON_OLT,ZTE,C610,10.77.1.177,Chưa add white-list
92,YGN1187OLT001,YGN1187,MYT_YGN_TEAM12_Thanlyin,GPON_OLT,ZTE,C610,10.77.30.145,Chưa add white-list
93,YGN1800OLT003,YGN1800,MYT_YGN_TEAM12_Thanlyin,GPON_OLT,ZTE,C610,10.69.87.132,Chưa add white-list
94,YGN1075OLT001,YGN1075,MYT_YGN_TEAM12_Thanlyin,GPON_OLT,ZTE,C610,10.69.50.49,Chưa add white-list
95,YGN0308OLT002,YGN0308,MYT_YGN_TEAM12_Thanlyin,GPON_OLT,ZTE,C610,10.77.13.82,Chưa add white-list
96,YGN1040OLT001,YGN1040,MYT_YGN_TEAM12_Thanlyin,GPON_OLT,ZTE,C610,10.69.99.225,Chưa add white-list
97,YGN0025OLT001,YGN0025,MYT_YGN_TEAM12_Thanlyin,GPON_OLT,ZTE,C610,10.77.0.33,Chưa add white-list
98,YGN0503OLT001,YGN0503,MYT_YGN_TEAM12_Thanlyin,GPON_OLT,ZTE,C610,10.69.119.163,Chưa add white-list
99,YGN1543OLT001,YGN1543,MYT_YGN_TEAM12_Thanlyin,GPON_OLT,ZTE,C610,10.69.124.241,Chưa add white-list
100,YGN0170OLT001,YGN0170,MYT_YGN_TEAM12_Thanlyin,GPON_OLT,ZTE,C610,10.77.73.177,Chưa add white-list
101,YGN1056OLT001,YGN1056,MYT_YGN_TEAM12_Thanlyin,GPON_OLT,ZTE,C610,10.69.99.97,Chưa add white-list
102,YGN1131OLT001,YGN1131,MYT_YGN_TEAM12_Thanlyin,GPON_OLT,ZTE,C610,10.77.65.241,Chưa add white-list
103,YGN1182OLT001,YGN1182,MYT_YGN_TEAM12_Thanlyin,GPON_OLT,ZTE,C610,10.77.30.209,Chưa add white-list
104,YGN0678OLT002,YGN0678,MYT_YGN_TEAM12_Thanlyin,GPON_OLT,ZTE,C610,10.69.98.162,Chưa add white-list
105,YGN0747OLT001,YGN0747,MYT_YGN_TEAM12_Thanlyin,GPON_OLT,ZTE,C610,10.77.0.97,Chưa add white-list
106,YGN0305OLT001,YGN0305,MYT_YGN_TEAM12_Thanlyin,GPON_OLT,ZTE,C610,10.77.13.145,Chưa add white-list
107,YGN1195OLT002,YGN1195,MYT_YGN_TEAM12_Thanlyin,GPON_OLT,ZTE,C610,10.77.21.2,Chưa add white-list
108,YGN1219OLT002,YGN1219,MYT_YGN_TEAM12_Thanlyin,GPON_OLT,ZTE,C610,10.69.85.2,Chưa add white-list
109,YGN1025OLT002,YGN1025,MYT_YGN_TEAM12_Thanlyin,GPON_OLT,ZTE,C610,10.77.24.194,Chưa add white-list
110,YGN1716OLT001,YGN1716,MYT_YGN_TEAM12_Thanlyin,GPON_OLT,ZTE,C610,10.69.0.97,Chưa add white-list
111,YGN0574OLT001,YGN0574,MYT_YGN_TEAM12_Thanlyin,GPON_OLT,ZTE,C610,10.69.112.225,Chưa add white-list
112,YGN0422OLT001,YGN0422,MYT_YGN_TEAM12_Thanlyin,GPON_OLT,ZTE,C610,10.69.109.177,Chưa add white-list
113,YGN1714OLT001,YGN1714,MYT_YGN_TEAM12_Thanlyin,GPON_OLT,ZTE,C610,10.77.64.17,Chưa add white-list
114,YGN1249OLT002,YGN1249,MYT_YGN_TEAM12_Thanlyin,GPON_OLT,ZTE,C610,10.69.90.194,Chưa add white-list
115,YGN1290OLT002,YGN1290,MYT_YGN_TEAM12_Thanlyin,GPON_OLT,ZTE,C610,10.77.11.162,Chưa add white-list
116,YGN1039OLT001,YGN1039,MYT_YGN_TEAM12_Thanlyin,GPON_OLT,ZTE,C610,10.69.87.194,Chưa add white-list
117,YGN0470OLT001,YGN0470,MYT_YGN_TEAM12_Thanlyin,GPON_OLT,ZTE,C610,10.77.27.65,Chưa add white-list
118,YGN0504OLT001,YGN0504,MYT_YGN_TEAM12_Thanlyin,GPON_OLT,ZTE,C610,10.69.119.161,Chưa add white-list
119,YGN0575OLT001,YGN0575,MYT_YGN_TEAM12_Thanlyin,GPON_OLT,ZTE,C610,10.69.108.17,Chưa add white-list
120,YGN1254OLT001,YGN1254,MYT_YGN_TEAM12_Thanlyin,GPON_OLT,ZTE,C610,10.69.83.241,Chưa add white-list
121,YGN1233OLT001,YGN1233,MYT_YGN_TEAM12_Thanlyin,GPON_OLT,ZTE,C610,10.69.110.81,Chưa add white-list
122,YGN1033OLT001,YGN1033,MYT_YGN_TEAM12_Thanlyin,GPON_OLT,ZTE,C610,10.77.26.65,Chưa add white-list
123,YGN0030OLT001,YGN0030,MYT_YGN_TEAM12_Thanlyin,GPON_OLT,ZTE,C610,10.69.92.209,Chưa add white-list
124,YGN0695OLT001,YGN0695,MYT_YGN_TEAM12_Thanlyin,GPON_OLT,ZTE,C610,10.69.99.1,Chưa add white-list
125,YGN1185OLT001,YGN1185,MYT_YGN_TEAM12_Thanlyin,GPON_OLT,ZTE,C610,10.69.94.193,Chưa add white-list
126,YGN1225OLT001,YGN1225,MYT_YGN_TEAM12_Thanlyin,GPON_OLT,ZTE,C610,10.69.97.17,Chưa add white-list
127,YGN1004OLT001,YGN1004,MYT_YGN_TEAM12_Thanlyin,GPON_OLT,ZTE,C610,10.69.0.1,Chưa add white-list
128,YGN1101OLT002,YGN1101,MYT_YGN_TEAM12_Thanlyin,GPON_OLT,ZTE,C610,10.77.5.242,Chưa add white-list
129,YGN0937OLT002,YGN0937,MYT_YGN_TEAM12_Thanlyin,GPON_OLT,ZTE,C610,10.69.122.66,Chưa add white-list
130,YGN1377OLT001,YGN1377,MYT_YGN_TEAM12_Thanlyin,GPON_OLT,ZTE,C610,10.69.0.33,Chưa add white-list
131,YGN1092OLT001,YGN1092,MYT_YGN_TEAM12_Thanlyin,GPON_OLT,ZTE,C610,10.69.106.129,Chưa add white-list
132,YGN0203OLT001,YGN0203,MYT_YGN_TEAM12_Thanlyin,GPON_OLT,ZTE,C610,10.77.4.129,Chưa add white-list
133,YGN0509OLT001,YGN0509,MYT_YGN_TEAM12_Thanlyin,GPON_OLT,ZTE,C610,10.69.110.49,Chưa add white-list
134,YGN0570OLT001,YGN0570,MYT_YGN_TEAM12_Thanlyin,GPON_OLT,ZTE,C610,10.69.122.241,Chưa add white-list
135,YGN1307OLT002,YGN1307,MYT_YGN_TEAM12_Thanlyin,GPON_OLT,ZTE,C610,10.69.121.50,Chưa add white-list
136,YGN1253OLT001,YGN1253,MYT_YGN_TEAM12_Thanlyin,GPON_OLT,ZTE,C610,10.69.108.209,Chưa add white-list
137,YGN0149OLT001,YGN0149,MYT_YGN_TEAM12_Thanlyin,GPON_OLT,ZTE,C610,10.77.14.113,Chưa add white-list
138,YGN1147OLT001,YGN1147,MYT_YGN_TEAM12_Thanlyin,GPON_OLT,ZTE,C610,10.77.27.17,Chưa add white-list
139,YGN1379OLT001,YGN1379,MYT_YGN_TEAM12_Thanlyin,GPON_OLT,ZTE,C610,10.69.121.241,Chưa add white-list
140,YGN0151OLT001,YGN0151,MYT_YGN_TEAM12_Thanlyin,GPON_OLT,ZTE,C610,10.77.0.49,Chưa add white-list
141,YGN1376OLT001,YGN1376,MYT_YGN_TEAM12_Thanlyin,GPON_OLT,ZTE,C610,10.69.123.49,Chưa add white-list
142,YGN1254OLT002,YGN1254,MYT_YGN_TEAM12_Thanlyin,GPON_OLT,ZTE,C610,10.69.83.242,Chưa add white-list
143,YGN0671OLT001,YGN0671,MYT_YGN_TEAM12_Thanlyin,GPON_OLT,ZTE,C610,10.69.99.113,Chưa add white-list
144,YGN0421OLT001,YGN0421,MYT_YGN_TEAM12_Thanlyin,GPON_OLT,ZTE,C610,10.69.121.242,Chưa add white-list
145,YGN1156OLT001,YGN1156,MYT_YGN_TEAM12_Thanlyin,GPON_OLT,ZTE,C610,10.69.90.177,Chưa add white-list
146,YGN1325OLT001,YGN1325,MYT_YGN_TEAM12_Thanlyin,GPON_OLT,ZTE,C610,10.69.88.50,Chưa add white-list
147,YGN0666OLT001,YGN0666,MYT_YGN_TEAM12_Thanlyin,GPON_OLT,ZTE,C610,10.69.100.33,Chưa add white-list
148,YGN1548OLT001,YGN1548,MYT_YGN_TEAM12_Thanlyin,GPON_OLT,ZTE,C610,10.69.88.49,Chưa add white-list
149,YGN1686OLT001,YGN1686,MYT_YGN_TEAM12_Thanlyin,GPON_OLT,ZTE,C610,10.69.85.49,Chưa add white-list
150,YGN1698OLT001,YGN1698,MYT_YGN_TEAM12_Thanlyin,GPON_OLT,ZTE,C610,10.69.86.177,Chưa add white-list
151,YGN0537OLT001,YGN0537,MYT_YGN_TEAM12_Thanlyin,GPON_OLT,ZTE,C610,10.69.106.65,Chưa add white-list
152,YGN1362OLT001,YGN1362,MYT_YGN_TEAM12_Thanlyin,GPON_OLT,ZTE,C610,10.69.121.113,Chưa add white-list
153,YGN1316OLT001,YGN1316,MYT_YGN_TEAM12_Thanlyin,GPON_OLT,ZTE,C610,10.77.28.193,Chưa add white-list
154,YGN1690OLT001,YGN1690,MYT_YGN_TEAM12_Thanlyin,GPON_OLT,ZTE,C610,10.69.85.33,Chưa add white-list
155,YGN0826OLT001,YGN0826,MYT_YGN_TEAM12_Thanlyin,GPON_OLT,ZTE,C610,10.69.84.49,Chưa add white-list
156,YGN0307OLT001,YGN0307,MYT_YGN_TEAM12_Thanlyin,GPON_OLT,ZTE,C610,10.77.11.65,Chưa add white-list
157,YGN1138OLT001,YGN1138,MYT_YGN_TEAM12_Thanlyin,GPON_OLT,ZTE,C610,10.77.29.209,Chưa add white-list
158,YGN1316OLT002,YGN1316,MYT_YGN_TEAM12_Thanlyin,GPON_OLT,ZTE,C610,10.77.28.194,Chưa add white-list
159,YGN1453OLT001,YGN1453,MYT_YGN_TEAM12_Thanlyin,GPON_OLT,ZTE,C610,10.77.26.81,Chưa add white-list
160,YGN0684OLT001,YGN0684,MYT_YGN_TEAM12_Thanlyin,GPON_OLT,ZTE,C610,10.77.25.225,Chưa add white-list
161,YGN1661OLT001,YGN1661,MYT_YGN_TEAM12_Thanlyin,GPON_OLT,ZTE,C610,10.69.87.65,Chưa add white-list
162,YGN1430OLT001,YGN1430,MYT_YGN_TEAM12_Thanlyin,GPON_OLT,ZTE,C610,10.69.100.97,Chưa add white-list
163,YGN0744OLT001,YGN0744,MYT_YGN_TEAM12_Thanlyin,GPON_OLT,ZTE,C610,10.69.88.225,Chưa add white-list
164,YGN1288OLT001,YGN1288,MYT_YGN_TEAM12_Thanlyin,GPON_OLT,ZTE,C610,10.69.106.209,Chưa add white-list
165,YGN1306OLT001,YGN1306,MYT_YGN_TEAM12_Thanlyin,GPON_OLT,ZTE,C610,10.69.93.17,Chưa add white-list
166,YGN1009OLT001,YGN1009,MYT_YGN_TEAM12_Thanlyin,GPON_OLT,ZTE,C610,10.69.84.65,Chưa add white-list
167,YGN1195OLT001,YGN1195,MYT_YGN_TEAM12_Thanlyin,GPON_OLT,ZTE,C610,10.77.21.1,Chưa add white-list
168,YGN1241OLT001,YGN1241,MYT_YGN_TEAM12_Thanlyin,GPON_OLT,ZTE,C610,10.69.110.241,Chưa add white-list
169,YGN0626OLT001,YGN0626,MYT_YGN_TEAM12_Thanlyin,GPON_OLT,ZTE,C610,10.77.19.81,Chưa add white-list
170,YGN0999OLT001,YGN0999,MYT_YGN_TEAM12_Thanlyin,GPON_OLT,ZTE,C610,10.77.21.49,Chưa add white-list
171,YGN1315OLT002,YGN1315,MYT_YGN_TEAM12_Thanlyin,GPON_OLT,ZTE,C610,10.69.93.98,Chưa add white-list
172,YGN1180OLT001,YGN1180,MYT_YGN_TEAM12_Thanlyin,GPON_OLT,ZTE,C610,10.69.100.1,Chưa add white-list
173,YGN1207OLT001,YGN1207,MYT_YGN_TEAM12_Thanlyin,GPON_OLT,ZTE,C610,10.77.21.81,Chưa add white-list
174,YGN1676OLT001,YGN1676,MYT_YGN_TEAM12_Thanlyin,GPON_OLT,ZTE,C610,10.69.84.241,Chưa add white-list
175,YGN1564OLT001,YGN1564,MYT_YGN_TEAM12_Thanlyin,GPON_OLT,ZTE,C610,10.69.85.17,Chưa add white-list
176,YGN1800OLT002,YGN1800,MYT_YGN_TEAM12_Thanlyin,GPON_OLT,ZTE,C610,10.69.87.130,Chưa add white-list
177,YGN1407OLT001,YGN1407,MYT_YGN_TEAM12_Thanlyin,GPON_OLT,ZTE,C610,10.69.92.81,Chưa add white-list
178,YGN0755OLT002,YGN0755,MYT_YGN_TEAM12_Thanlyin,GPON_OLT,ZTE,C610,10.77.24.18,Chưa add white-list
179,YGN1243OLT001,YGN1243,MYT_YGN_TEAM12_Thanlyin,GPON_OLT,ZTE,C610,10.69.111.17,Chưa add white-list
180,YGN1269OLT002,YGN1269,MYT_YGN_TEAM12_Thanlyin,GPON_OLT,ZTE,C610,10.69.90.226,Chưa add white-list
181,YGN1178OLT001,YGN1178,MYT_YGN_TEAM12_Thanlyin,GPON_OLT,ZTE,C610,10.69.103.177,Chưa add white-list
182,YGN1269OLT001,YGN1269,MYT_YGN_TEAM12_Thanlyin,GPON_OLT,ZTE,C610,10.69.90.225,Chưa add white-list
183,YGN0408OLT001,YGN0408,MYT_YGN_TEAM12_Thanlyin,GPON_OLT,ZTE,C610,10.69.102.65,Chưa add white-list
184,YGN0249OLT001,YGN0249,MYT_YGN_TEAM12_Thanlyin,GPON_OLT,ZTE,C610,10.69.114.225,Chưa add white-list
185,YGN1057OLT001,YGN1057,MYT_YGN_TEAM12_Thanlyin,GPON_OLT,ZTE,C610,10.69.99.209,Chưa add white-list
186,YGN1263OLT001,YGN1263,MYT_YGN_TEAM12_Thanlyin,GPON_OLT,ZTE,C610,10.69.110.1,Chưa add white-list
187,YGN1218OLT001,YGN1218,MYT_YGN_TEAM12_Thanlyin,GPON_OLT,ZTE,C610,10.69.103.81,Chưa add white-list
188,YGN1191OLT001,YGN1191,MYT_YGN_TEAM12_Thanlyin,GPON_OLT,ZTE,C610,10.77.18.1,Chưa add white-list
189,YGN1188OLT001,YGN1188,MYT_YGN_TEAM12_Thanlyin,GPON_OLT,ZTE,C610,10.77.19.129,Chưa add white-list
190,YGN1282OLT001,YGN1282,MYT_YGN_TEAM12_Thanlyin,GPON_OLT,ZTE,C610,10.69.102.241,Chưa add white-list
191,YGN0004OLT001,YGN0004,MYT_YGN_TEAM12_Thanlyin,GPON_OLT,ZTE,C610,10.77.22.129,Chưa add white-list
192,YGN0446OLT001,YGN0446,MYT_YGN_TEAM12_Thanlyin,GPON_OLT,ZTE,C610,10.77.22.209,Chưa add white-list
193,YGN1423OLT002,YGN1423,MYT_YGN_TEAM12_Thanlyin,GPON_OLT,ZTE,C610,10.69.90.98,Chưa add white-list
194,YGN1143OLT001,YGN1143,MYT_YGN_TEAM12_Thanlyin,GPON_OLT,ZTE,C610,10.77.23.97,Chưa add white-list
195,YGN1196OLT001,YGN1196,MYT_YGN_TEAM12_Thanlyin,GPON_OLT,ZTE,C610,10.69.96.1,Chưa add white-list
196,YGN0403OLT001,YGN0403,MYT_YGN_TEAM12_Thanlyin,GPON_OLT,ZTE,C610,10.77.22.81,Chưa add white-list
197,YGN0431OLT001,YGN0431,MYT_YGN_TEAM12_Thanlyin,GPON_OLT,ZTE,C610,10.77.22.130,Chưa add white-list
198,YGN1682OLT001,YGN1682,MYT_YGN_TEAM12_Thanlyin,GPON_OLT,ZTE,C610,10.69.86.17,Chưa add white-list
199,YGN1302OLT001,YGN1302,MYT_YGN_TEAM12_Thanlyin,GPON_OLT,ZTE,C610,10.69.89.177,Chưa add white-list
200,YGN1294OLT002,YGN1294,MYT_YGN_TEAM12_Thanlyin,GPON_OLT,ZTE,C610,10.69.122.50,Chưa add white-list
201,YGN0003OLT001,YGN0003,MYT_YGN_TEAM12_Thanlyin,GPON_OLT,ZTE,C610,10.77.19.241,Chưa add white-list
202,YGN1150OLT001,YGN1150,MYT_YGN_TEAM12_Thanlyin,GPON_OLT,ZTE,C610,10.69.101.81,Chưa add white-list
203,YGN0658OLT001,YGN0658,MYT_YGN_TEAM12_Thanlyin,GPON_OLT,ZTE,C610,10.77.21.65,Chưa add white-list
204,YGN0482OLT001,YGN0482,MYT_YGN_TEAM12_Thanlyin,GPON_OLT,ZTE,C610,10.77.23.113,Chưa add white-list
205,YGN1341OLT001,YGN1341,MYT_YGN_TEAM12_Thanlyin,GPON_OLT,ZTE,C610,10.69.102.97,Chưa add white-list
206,YGN1743OLT001,YGN1743,MYT_YGN_TEAM12_Thanlyin,GPON_OLT,ZTE,C610,10.69.86.1,Chưa add white-list
207,YGN0390OLT001,YGN0390,MYT_YGN_TEAM12_Thanlyin,GPON_OLT,ZTE,C610,10.69.114.65,Chưa add white-list
208,YGN1683OLT001,YGN1683,MYT_YGN_TEAM12_Thanlyin,GPON_OLT,ZTE,C610,10.69.86.65,Chưa add white-list
209,YGN0663OLT001,YGN0663,MYT_YGN_TEAM12_Thanlyin,GPON_OLT,ZTE,C610,10.77.20.225,Chưa add white-list
210,YGN0525OLT002,YGN0525,MYT_YGN_TEAM12_Thanlyin,GPON_OLT,ZTE,C610,10.69.110.98,Chưa add white-list
211,YGN0538OLT001,YGN0538,MYT_YGN_TEAM12_Thanlyin,GPON_OLT,ZTE,C610,10.69.108.117,Chưa add white-list
212,YGN0679OLT001,YGN0679,MYT_YGN_TEAM12_Thanlyin,GPON_OLT,ZTE,C610,10.77.21.193,Chưa add white-list
213,YGN1215OLT001,YGN1215,MYT_YGN_TEAM12_Thanlyin,GPON_OLT,ZTE,C610,10.69.99.177,Chưa add white-list
214,YGN1216OLT001,YGN1216,MYT_YGN_TEAM12_Thanlyin,GPON_OLT,ZTE,C610,10.69.98.225,Chưa add white-list
215,YGN0931OLT001,YGN0931,MYT_YGN_TEAM12_Thanlyin,GPON_OLT,ZTE,C610,10.77.19.177,Chưa add white-list
216,YGN0694OLT001,YGN0694,MYT_YGN_TEAM12_Thanlyin,GPON_OLT,ZTE,C610,10.69.97.18,Chưa add white-list
217,YGN1061OLT001,YGN1061,MYT_YGN_TEAM12_Thanlyin,GPON_OLT,ZTE,C610,10.69.110.2,Chưa add white-list
218,YGN0558OLT001,YGN0558,MYT_YGN_TEAM12_Thanlyin,GPON_OLT,ZTE,C610,10.77.9.33,Chưa add white-list
219,YGN1413OLT001,YGN1413,MYT_YGN_TEAM12_Thanlyin,GPON_OLT,ZTE,C610,10.69.109.225,Chưa add white-list
220,YGN1278OLT001,YGN1278,MYT_YGN_TEAM12_Thanlyin,GPON_OLT,Huawei,MA5801,10.69.104.145,Chưa add white-list
221,YGN0603OLT001,YGN0603,MYT_YGN_TEAM12_Thanlyin,GPON_OLT,ZTE,C610,10.69.108.177,Chưa add white-list
222,YGN0033OLT001,YGN0033,MYT_YGN_TEAM12_Thanlyin,GPON_OLT,ZTE,C610,10.77.0.17,Chưa add white-list
223,YGN1300OLT001,YGN1300,MYT_YGN_TEAM12_Thanlyin,GPON_OLT,ZTE,C610,10.69.108.225,Chưa add white-list
224,YGN1441OLT001,YGN1441,MYT_YGN_TEAM12_Thanlyin,GPON_OLT,ZTE,C610,10.69.118.1,Chưa add white-list
225,YGN1669OLT001,YGN1669,MYT_YGN_TEAM12_Thanlyin,GPON_OLT,ZTE,C610,10.69.84.97,Chưa add white-list
226,YGN0720OLT001,YGN0720,MYT_YGN_TEAM12_Thanlyin,GPON_OLT,ZTE,C610,10.77.18.161,Chưa add white-list
227,YGN0714OLT001,YGN0714,MYT_YGN_TEAM12_Thanlyin,GPON_OLT,Huawei,MA5801,10.77.19.1,Chưa add white-list
228,YGN1411OLT002,YGN1411,MYT_YGN_TEAM12_Thanlyin,GPON_OLT,Huawei,MA5801,10.69.92.178,Chưa add white-list
229,YGN1135OLT001,YGN1135,MYT_YGN_TEAM12_Thanlyin,GPON_OLT,ZTE,C610,10.77.19.97,Chưa add white-list
230,YGN0488OLT001,YGN0488,MYT_YGN_TEAM12_Thanlyin,GPON_OLT,Huawei,MA5801,10.69.108.226,Chưa add white-list
231,YGN0674OLT001,YGN0674,MYT_YGN_TEAM12_Thanlyin,GPON_OLT,Huawei,MA5801,10.69.86.66,Chưa add white-list
232,YGN1142OLT001,YGN1142,MYT_YGN_TEAM12_Thanlyin,GPON_OLT,Huawei,MA5801,10.77.20.100,Chưa add white-list
233,YGN0678OLT001,YGN0678,MYT_YGN_TEAM12_Thanlyin,GPON_OLT,ZTE,C610,10.69.98.161,Chưa add white-list
234,YGN0023OLT002,YGN0023,MYT_YGN_TEAM12_Thanlyin,GPON_OLT,Huawei,MA5801,10.77.4.146,Chưa add white-list
235,YGN1237OLT001,YGN1237,MYT_YGN_TEAM12_Thanlyin,GPON_OLT,Huawei,MA5801,10.69.87.1,Chưa add white-list
236,YGN1230OLT001,YGN1230,MYT_YGN_TEAM12_Thanlyin,GPON_OLT,ZTE,C610,10.69.108.115,Chưa add white-list
237,YGN1347OLT001,YGN1347,MYT_YGN_TEAM12_Thanlyin,GPON_OLT,ZTE,C610,10.69.109.33,Chưa add white-list
238,YGN0969OLT001,YGN0969,MYT_YGN_TEAM12_Thanlyin,GPON_OLT,ZTE,C610,10.69.99.81,Chưa add white-list
239,YGN0710OLT001,YGN0710,MYT_YGN_TEAM12_Thanlyin,GPON_OLT,ZTE,C610,10.77.19.209,Chưa add white-list
240,YGN1081OLT001,YGN1081,MYT_YGN_TEAM12_Thanlyin,GPON_OLT,Huawei,MA5801,10.69.97.81,Chưa add white-list
241,YGN0031OLT002,YGN0031,MYT_YGN_TEAM12_Thanlyin,GPON_OLT,Huawei,MA5801,10.69.103.146,Chưa add white-list
242,YGN0494OLT001,YGN0494,MYT_YGN_TEAM12_Thanlyin,GPON_OLT,Huawei,MA5801,10.69.97.177,Chưa add white-list
243,YGN0701OLT001,YGN0701,MYT_YGN_TEAM12_Thanlyin,GPON_OLT,ZTE,C610,10.77.19.193,Chưa add white-list
244,YGN0436OLT001,YGN0436,MYT_YGN_TEAM12_Thanlyin,GPON_OLT,ZTE,C610,10.69.108.178,Chưa add white-list
245,YGN1214OLT001,YGN1214,MYT_YGN_TEAM12_Thanlyin,GPON_OLT,ZTE,C610,10.69.96.209,Chưa add white-list
246,YGN1735OLT001,YGN1735,MYT_YGN_TEAM12_Thanlyin,GPON_OLT,Huawei,MA5801,10.69.83.1,Chưa add white-list
247,YGN0607OLT001,YGN0607,MYT_YGN_TEAM12_Thanlyin,GPON_OLT,ZTE,C320_mini_OLT_ZTE,10.77.24.97,Chưa add white-list
248,YGN1373OLT001,YGN1373,MYT_YGN_TEAM12_Thanlyin,GPON_OLT,ZTE,C610,10.69.108.113,Chưa add white-list
249,YGN0296OLT001,YGN0296,MYT_YGN_TEAM12_Thanlyin,GPON_OLT,Huawei,MA5801,10.77.11.209,Chưa add white-list
250,YGN0001OLT002,YGN0001,MYT_YGN_TEAM12_Thanlyin,GPON_OLT,Huawei,MA5801,10.69.105.36,Chưa add white-list
251,YGN1146OLT001,YGN1146,MYT_YGN_TEAM12_Thanlyin,GPON_OLT,Huawei,MA5801,10.69.103.161,Chưa add white-list
252,YGN0815OLT001,YGN0815,MYT_YGN_TEAM12_Thanlyin,GPON_OLT,Huawei,MA5801,10.69.84.177,Chưa add white-list
253,YGN1268OLT001,YGN1268,MYT_YGN_TEAM12_Thanlyin,GPON_OLT,Huawei,MA5801,10.69.101.145,Chưa add white-list
254,YGN0563OLT001,YGN0563,MYT_YGN_TEAM12_Thanlyin,GPON_OLT,ZTE,C610,10.77.8.209,Chưa add white-list
255,YGN0190OLT001,YGN0190,MYT_YGN_TEAM12_Thanlyin,GPON_OLT,Huawei,MA5801,10.77.3.177,Chưa add white-list
256,YGN1365OLT001,YGN1365,MYT_YGN_TEAM12_Thanlyin,GPON_OLT,ZTE,C610,10.69.90.33,Chưa add white-list
257,YGN0976OLT001,YGN0976,MYT_YGN_TEAM12_Thanlyin,GPON_OLT,ZTE,C610,10.69.102.1,Chưa add white-list
258,YGN0580OLT001,YGN0580,MYT_YGN_TEAM12_Thanlyin,GPON_OLT,ZTE,C610,10.69.101.33,Chưa add white-list
259,YGN0196OLT001,YGN0196,MYT_YGN_TEAM12_Thanlyin,GPON_OLT,Huawei,MA5801,10.77.5.81,Chưa add white-list
260,YGN1204OLT001,YGN1204,MYT_YGN_TEAM12_Thanlyin,GPON_OLT,ZTE,C610,10.69.93.177,Chưa add white-list
261,YGN0024OLT001,YGN0024,MYT_YGN_TEAM12_Thanlyin,GPON_OLT,Huawei,MA5801,10.69.103.65,Chưa add white-list
262,YGN1303OLT002,YGN1303,MYT_YGN_TEAM12_Thanlyin,GPON_OLT,ZTE,C610,10.69.91.66,Chưa add white-list
263,YGN1303OLT001,YGN1303,MYT_YGN_TEAM12_Thanlyin,GPON_OLT,ZTE,C610,10.69.91.65,Chưa add white-list
264,YGN1387OLT001,YGN1387,MYT_YGN_TEAM12_Thanlyin,GPON_OLT,Huawei,MA5801,10.69.92.129,Chưa add white-list
265,YGN1217OLT001,YGN1217,MYT_YGN_TEAM12_Thanlyin,GPON_OLT,ZTE,C610,10.69.94.145,Chưa add white-list
266,YGN1380OLT001,YGN1380,MYT_YGN_TEAM12_Thanlyin,GPON_OLT,Huawei,MA5801,10.69.106.161,Chưa add white-list
267,YGN1427OLT003,YGN1427,MYT_YGN_TEAM12_Thanlyin,GPON_OLT,Huawei,MA5801,10.69.89.195,Chưa add white-list
268,YGN1411OLT001,YGN1411,MYT_YGN_TEAM12_Thanlyin,GPON_OLT,Huawei,MA5801,10.69.92.177,Chưa add white-list
269,YGN1229OLT001,YGN1229,MYT_YGN_TEAM12_Thanlyin,GPON_OLT,Huawei,MA5801,10.77.3.225,Chưa add white-list
270,YGN0320OLT001,YGN0320,MYT_YGN_TEAM12_Thanlyin,GPON_OLT,Huawei,MA5801,10.77.13.113,Chưa add white-list
271,YGN1423OLT001,YGN1423,MYT_YGN_TEAM12_Thanlyin,GPON_OLT,ZTE,C610,10.69.90.97,Chưa add white-list
272,YGN1651OLT001,YGN1651,MYT_YGN_TEAM12_Thanlyin,GPON_OLT,Huawei,MA5801,10.69.87.193,Chưa add white-list
273,YGN0401OLT001,YGN0401,MYT_YGN_TEAM12_Thanlyin,GPON_OLT,Huawei,MA5801,10.77.10.193,Chưa add white-list
274,YGN1125OLT001,YGN1125,MYT_YGN_TEAM12_Thanlyin,GPON_OLT,ZTE,C610,10.77.24.177,Chưa add white-list
275,YGN0564OLT001,YGN0564,MYT_YGN_TEAM12_Thanlyin,GPON_OLT,ZTE,C610,10.77.6.97,Chưa add white-list
276,YGN1121OLT001,YGN1121,MYT_YGN_TEAM12_Thanlyin,GPON_OLT,Huawei,MA5801,10.77.24.209,Chưa add white-list
277,YGN1531OLT001,YGN1531,MYT_YGN_TEAM12_Thanlyin,GPON_OLT,Huawei,MA5801,10.69.88.241,Chưa add white-list
278,YGN1258OLT001,YGN1258,MYT_YGN_TEAM12_Thanlyin,GPON_OLT,Huawei,MA5801,10.69.118.17,Chưa add white-list
279,YGN1427OLT001,YGN1427,MYT_YGN_TEAM12_Thanlyin,GPON_OLT,Huawei,MA5801,10.69.89.193,Chưa add white-list
280,YGN1281OLT003,YGN1281,MYT_YGN_TEAM12_Thanlyin,GPON_OLT,Huawei,MA5801,10.69.92.51,Chưa add white-list
281,YGN1025OLT001,YGN1025,MYT_YGN_TEAM12_Thanlyin,GPON_OLT,Huawei,MA5801,10.77.24.193,Chưa add white-list
282,YGN1315OLT001,YGN1315,MYT_YGN_TEAM12_Thanlyin,GPON_OLT,Huawei,MA5801,10.69.93.97,Chưa add white-list
283,YGN1701OLT001,YGN1701,MYT_YGN_TEAM12_Thanlyin,GPON_OLT,Huawei,MA5801,10.69.87.145,Chưa add white-list
284,YGN1689OLT003,YGN1689,MYT_YGN_TEAM12_Thanlyin,GPON_OLT,Huawei,MA5801,10.69.87.179,Chưa add white-list
285,YGN0292OLT001,YGN0292,MYT_YGN_TEAM12_Thanlyin,GPON_OLT,Huawei,MA5801,10.77.11.33,Chưa add white-list
286,YGN0413OLT001,YGN0413,MYT_YGN_TEAM12_Thanlyin,GPON_OLT,Huawei,MA5801,10.77.24.195,Chưa add white-list
287,YGN1281OLT001,YGN1281,MYT_YGN_TEAM12_Thanlyin,GPON_OLT,Huawei,MA5801,10.69.92.49,Chưa add white-list
288,YGN0027OLT001,YGN0027,MYT_YGN_TEAM12_Thanlyin,GPON_OLT,ZTE,C610,10.69.87.161,Chưa add white-list
289,YGN0026OLT001,YGN0026,MYT_YGN_TEAM12_Thanlyin,GPON_OLT,Huawei,MA5801,10.69.93.49,Chưa add white-list
290,YGN0755OLT001,YGN0755,MYT_YGN_TEAM12_Thanlyin,GPON_OLT,Huawei,MA5801,10.77.24.17,Chưa add white-list
291,YGN0411OLT001,YGN0411,MYT_YGN_TEAM12_Thanlyin,GPON_OLT,Huawei,MA5801,10.77.25.177,Chưa add white-list
292,YGN0285OLT001,YGN0285,MYT_YGN_TEAM12_Thanlyin,GPON_OLT,Huawei,MA5801,10.77.10.177,Chưa add white-list
293,YGN0026OLT003,YGN0026,MYT_YGN_TEAM12_Thanlyin,GPON_OLT,Huawei,MA5801,10.69.93.51,Chưa add white-list
294,YGN1249OLT001,YGN1249,MYT_YGN_TEAM12_Thanlyin,GPON_OLT,Huawei,MA5801,10.69.90.193,Chưa add white-list
295,YGN1431OLT001,YGN1431,MYT_YGN_TEAM12_Thanlyin,GPON_OLT,Huawei,MA5801,10.69.105.113,Chưa add white-list
296,YGN1176OLT001,YGN1176,MYT_YGN_TEAM12_Thanlyin,GPON_OLT,Huawei,MA5801,10.69.105.145,Chưa add white-list
297,YGN1363OLT001,YGN1363,MYT_YGN_TEAM12_Thanlyin,GPON_OLT,Huawei,MA5801,10.69.102.49,Chưa add white-list
298,YGN0576OLT001,YGN0576,MYT_YGN_TEAM12_Thanlyin,GPON_OLT,ZTE,C610,10.69.102.145,Chưa add white-list
299,YGN0723OLT001,YGN0723,MYT_YGN_TEAM12_Thanlyin,GPON_OLT,ZTE,C610,10.69.119.97,Chưa add white-list
300,YGN1235OLT001,YGN1235,MYT_YGN_TEAM12_Thanlyin,GPON_OLT,ZTE,C610,10.69.103.145,Chưa add white-list
301,YGN1250OLT001,YGN1250,MYT_YGN_TEAM12_Thanlyin,GPON_OLT,ZTE,C610,10.69.90.209,Chưa add white-list
302,YGN1193OLT001,YGN1193,MYT_YGN_TEAM12_Thanlyin,GPON_OLT,ZTE,C610,10.77.21.209,Chưa add white-list
303,YGN0001OLT003,YGN0001,MYT_YGN_TEAM12_Thanlyin,GPON_OLT,Huawei,MA5801,10.69.83.18,Chưa add white-list
304,YGN1250OLT002,YGN1250,MYT_YGN_TEAM12_Thanlyin,GPON_OLT,ZTE,C610,10.69.90.210,Chưa add white-list
305,YGN1085OLT001,YGN1085,MYT_YGN_TEAM12_Thanlyin,GPON_OLT,ZTE,C610,10.69.103.241,Chưa add white-list
306,YGN1060OLT001,YGN1060,MYT_YGN_TEAM12_Thanlyin,GPON_OLT,ZTE,C610,10.69.102.193,Chưa add white-list
307,YGN1409OLT001,YGN1409,MYT_YGN_TEAM12_Thanlyin,GPON_OLT,ZTE,C610,10.69.87.131,Chưa add white-list
308,YGN0437OLT001,YGN0437,MYT_YGN_TEAM12_Thanlyin,GPON_OLT,ZTE,C610,10.69.110.161,Chưa add white-list
309,YGN0486OLT001,YGN0486,MYT_YGN_TEAM12_Thanlyin,GPON_OLT,ZTE,C610,10.69.102.177,Chưa add white-list
310,YGN0591OLT001,YGN0591,MYT_YGN_TEAM12_Thanlyin,GPON_OLT,ZTE,C610,10.77.8.1,Chưa add white-list
311,YGN1307OLT001,YGN1307,MYT_YGN_TEAM12_Thanlyin,GPON_OLT,ZTE,C320_mini_OLT_ZTE,10.69.121.49,Chưa add white-list
312,YGN0507OLT001,YGN0507,MYT_YGN_TEAM12_Thanlyin,GPON_OLT,ZTE,C610,10.69.112.1,Chưa add white-list
313,YGN0937OLT001,YGN0937,MYT_YGN_TEAM12_Thanlyin,GPON_OLT,ZTE,C610,10.69.122.65,Chưa add white-list
314,YGN1122OLT001,YGN1122,MYT_YGN_TEAM12_Thanlyin,GPON_OLT,ZTE,C610,10.69.113.1,Chưa add white-list
315,YGN0553OLT001,YGN0553,MYT_YGN_TEAM12_Thanlyin,GPON_OLT,ZTE,C610,10.77.8.65,Chưa add white-list
316,YGN1367OLT001,YGN1367,MYT_YGN_TEAM12_Thanlyin,GPON_OLT,ZTE,C610,10.69.122.225,Chưa add white-list
317,YGN1232OLT001,YGN1232,MYT_YGN_TEAM12_Thanlyin,GPON_OLT,ZTE,C610,10.69.111.113,Chưa add white-list
318,YGN1244OLT001,YGN1244,MYT_YGN_TEAM12_Thanlyin,GPON_OLT,ZTE,C320_mini_OLT_ZTE,10.69.111.177,Chưa add white-list
319,YGN1608OLT001,YGN1608,MYT_YGN_TEAM12_Thanlyin,GPON_OLT,ZTE,C320_mini_OLT_ZTE,10.69.88.129,Chưa add white-list
320,YGN0389OLT001,YGN0389,MYT_YGN_TEAM12_Thanlyin,GPON_OLT,ZTE,C320_mini_OLT_ZTE,10.69.113.193,Chưa add white-list
321,YGN1292OLT001,YGN1292,MYT_YGN_TEAM12_Thanlyin,GPON_OLT,ZTE,C610,10.69.88.81,Chưa add white-list
322,YGN0486OLT002,YGN0486,MYT_YGN_TEAM12_Thanlyin,GPON_OLT,ZTE,C610,10.69.102.178,Chưa add white-list
323,YGN0699OLT001,YGN0699,MYT_YGN_TEAM12_Thanlyin,GPON_OLT,ZTE,C610,10.69.118.145,Chưa add white-list
324,YGN1364OLT001,YGN1364,MYT_YGN_TEAM12_Thanlyin,GPON_OLT,ZTE,C320_mini_OLT_ZTE,10.69.111.193,Chưa add white-list
325,YGN1238OLT001,YGN1238,MYT_YGN_TEAM12_Thanlyin,GPON_OLT,ZTE,C610,10.69.121.145,Chưa add white-list
326,YGN0556OLT001,YGN0556,MYT_YGN_TEAM12_Thanlyin,GPON_OLT,ZTE,C610,10.77.8.81,Chưa add white-list
327,YGN0491OLT001,YGN0491,MYT_YGN_TEAM12_Thanlyin,GPON_OLT,ZTE,C610,10.69.112.49,Chưa add white-list
328,YGN0525OLT001,YGN0525,MYT_YGN_TEAM12_Thanlyin,GPON_OLT,ZTE,C320_mini_OLT_ZTE,10.69.110.97,Chưa add white-list
329,YGN0500OLT001,YGN0500,MYT_YGN_TEAM12_Thanlyin,GPON_OLT,ZTE,C610,10.69.102.242,Chưa add white-list
330,YGN0159OLT001,YGN0159,MYT_YGN_TEAM12_Thanlyin,GPON_OLT,ZTE,C320_mini_OLT_ZTE,10.77.14.1,Chưa add white-list
331,YGN1308OLT001,YGN1308,MYT_YGN_TEAM12_Thanlyin,GPON_OLT,ZTE,C610,10.69.110.242,Chưa add white-list
332,YGN0365OLT001,YGN0365,MYT_YGN_TEAM12_Thanlyin,GPON_OLT,ZTE,C610,10.69.113.65,Chưa add white-list
333,YGN1192OLT001,YGN1192,MYT_YGN_TEAM12_Thanlyin,GPON_OLT,Huawei,MA5801,10.77.21.177,Chưa add white-list
334,YGN1689OLT001,YGN1689,MYT_YGN_TEAM12_Thanlyin,GPON_OLT,Huawei,MA5801,10.69.87.177,Chưa add white-list
335,YGN1301OLT001,YGN1301,MYT_YGN_TEAM12_Thanlyin,GPON_OLT,ZTE,C610,10.69.95.225,Chưa add white-list
336,YGN0970OLT001,YGN0970,MYT_YGN_TEAM12_Thanlyin,GPON_OLT,ZTE,C610,10.69.99.178,Chưa add white-list
337,YGN0265OLT001,YGN0265,MYT_YGN_TEAM12_Thanlyin,GPON_OLT,Huawei,MA5801,10.77.12.33,Chưa add white-list
338,YGN1323OLT001,YGN1323,MYT_YGN_TEAM12_Thanlyin,GPON_OLT,ZTE,C610,10.69.120.129,Chưa add white-list
339,YGN0500OLT002,YGN0500,MYT_YGN_TEAM12_Thanlyin,GPON_OLT,ZTE,C610,10.69.102.243,Chưa add white-list
340,YGN0152OLT001,YGN0152,MYT_YGN_TEAM12_Thanlyin,GPON_OLT,ZTE,C320_mini_OLT_ZTE,10.69.124.1,Chưa add white-list
341,YGN0395OLT001,YGN0395,MYT_YGN_TEAM12_Thanlyin,GPON_OLT,ZTE,C610,10.69.123.97,Chưa add white-list
342,YGN0559OLT001,YGN0559,MYT_YGN_TEAM12_Thanlyin,GPON_OLT,ZTE,C320_mini_OLT_ZTE,10.77.7.177,Chưa add white-list
343,YGN1165OLT001,YGN1165,MYT_YGN_TEAM12_Thanlyin,GPON_OLT,Huawei,MA5801,10.69.83.161,Chưa add white-list
344,YGN0105OLT001,YGN0105,MYT_YGN_TEAM12_Thanlyin,GPON_OLT,ZTE,C320_mini_OLT_ZTE,10.69.126.145,Chưa add white-list
345,YGN0001OLT001,YGN0001,MYT_YGN_TEAM12_Thanlyin,GPON_OLT,ZTE,C320_mini_OLT_ZTE,10.69.105.33,Chưa add white-list
346,YGN0573OLT001,YGN0573,MYT_YGN_TEAM12_Thanlyin,GPON_OLT,ZTE,C610,10.69.121.65,Chưa add white-list
347,YGN1068OLT001,YGN1068,MYT_YGN_TEAM12_Thanlyin,GPON_OLT,ZTE,C610,10.69.91.1,Chưa add white-list
348,YGN1370OLT001,YGN1370,MYT_YGN_TEAM07_Dagon Myothit (South),GPON_OLT,ZTE,C610,10.69.119.162,Chưa add white-list
349,YGN1294OLT001,YGN1294,MYT_YGN_TEAM07_Dagon Myothit (South),GPON_OLT,ZTE,C320_mini_OLT_ZTE,10.69.122.49,Chưa add white-list
350,YGN1070OLT001,YGN1070,MYT_YGN_TEAM08_Hlaingtharya,GPON_OLT,ZTE,C320_mini_OLT_ZTE,10.69.93.161,Chưa add white-list
351,YGN0027OLT002,YGN0027,Yangon Region,GPON_OLT,ZTE,C610,10.69.87.162,Chưa add white-list
352,YGN1254OLT003,YGN1254,Yangon Region,GPON_OLT,ZTE,C610,10.69.83.243,Chưa add white-list
353,YGN1423OLT003,YGN1423,Yangon Region,GPON_OLT,ZTE,C610,10.69.90.99,Chưa add white-list
354,YGN1792OLT002,YGN1792,Yangon Region,GPON_OLT,ZTE,C610,10.69.84.210,Chưa add white-list
355,YGN0298OLT001,YGN0298,Yangon Region,GPON_OLT,ZTE,C610,10.77.11.113,Chưa add white-list
356,YGN1744OLT001,YGN1744,Yangon Region,GPON_OLT,ZTE,C610,10.69.99.2,Chưa add white-list
357,YGN1576OLT001,YGN1576,Yangon Region,GPON_OLT,ZTE,C610,10.69.108.97,Chưa add white-list
358,YGN0706OLT001,YGN0706,Yangon Region,GPON_OLT,ZTE,C610,10.69.99.33,Chưa add white-list
359,YGN1196OLT002,YGN1196,Yangon Region,GPON_OLT,ZTE,C610,10.69.96.2,Chưa add white-list
360,YGN1169OLT001,YGN1169,Yangon Region,GPON_OLT,ZTE,C610,10.69.94.177,Chưa add white-list
361,YGN0552OLT002,YGN0552,Yangon Region,GPON_OLT,ZTE,C610,10.77.7.34,Chưa add white-list
362,YGN1191OLT002,YGN1191,Yangon Region,GPON_OLT,ZTE,C610,10.77.18.2,Chưa add white-list
363,YGN1659OLT001,YGN1659,Yangon Region,GPON_OLT,ZTE,C610,10.69.84.50,Chưa add white-list
364,YGN0489OLT001,YGN0489,Yangon Region,GPON_OLT,ZTE,C610,10.69.109.66,Chưa add white-list
365,YGN1287OLT001,YGN1287,Yangon Region,GPON_OLT,ZTE,C610,10.69.109.65,Chưa add white-list
366,YGN1384OLT001,YGN1384,Yangon Region,GPON_OLT,ZTE,C610,10.69.106.113,Chưa add white-list
367,YGN1398OLT001,YGN1398,Yangon Region,GPON_OLT,ZTE,C610,10.69.100.49,Chưa add white-list
368,YGN0688OLT001,YGN0688,Yangon Region,GPON_OLT,ZTE,C610,10.77.20.17,Chưa add white-list
369,YGN0455OLT001,YGN0455,Yangon Region,GPON_OLT,ZTE,C610,10.77.23.225,Chưa add white-list
370,YGN1706OLT001,YGN1706,Yangon Region,GPON_OLT,ZTE,C610,10.77.0.113,Chưa add white-list
371,YGN1700OLT001,YGN1700,Yangon Region,GPON_OLT,ZTE,C610,10.77.24.1,Chưa add white-list
372,YGN0281OLT001,YGN0281,Yangon Region,GPON_OLT,ZTE,C610,10.69.94.209,Chưa add white-list
373,YGN1283OLT001,YGN1283,Yangon Region,GPON_OLT,ZTE,C610,10.69.105.97,Chưa add white-list
374,YGN0675OLT001,YGN0675,Yangon Region,GPON_OLT,ZTE,C610,10.77.20.145,Chưa add white-list
375,YGN1087OLT001,YGN1087,Yangon Region,GPON_OLT,ZTE,C610,10.69.121.51,Chưa add white-list
376,YGN1426OLT002,YGN1426,Yangon Region,GPON_OLT,ZTE,C610,10.77.6.18,Chưa add white-list
377,YGN0399OLT002,YGN0399,Yangon Region,GPON_OLT,ZTE,C610,10.69.113.242,Chưa add white-list
378,YGN1341OLT002,YGN1341,Yangon Region,GPON_OLT,ZTE,C610,10.69.102.98,Chưa add white-list
379,YGN1368OLT001,YGN1368,Yangon Region,GPON_OLT,ZTE,C610,10.69.108.161,Chưa add white-list
380,YGN1394OLT001,YGN1394,Yangon Region,GPON_OLT,ZTE,C610,10.69.121.33,Chưa add white-list
381,YGN1101OLT001,YGN1101,Yangon Region,GPON_OLT,ZTE,C610,10.77.5.241,Chưa add white-list
382,YGN0742OLT001,YGN0742,Yangon Region,GPON_OLT,ZTE,C610,10.77.4.33,Chưa add white-list
383,YGN1396OLT001,YGN1396,MYT_YGN_TEAM09_North Okkalapa,GPON_OLT,ZTE,C610,10.69.100.177,Chưa add white-list
384,YGN1740OLT001,YGN1740,MYT_YGN_TEAM09_North Okkalapa,GPON_OLT,ZTE,C610,10.77.0.1,Chưa add white-list
385,YGN0345OLT001,YGN0345,MYT_YGN_TEAM09_North Okkalapa,GPON_OLT,ZTE,C610,10.69.106.241,Chưa add white-list
386,YGN1265OLT001,YGN1265,MYT_YGN_TEAM09_North Okkalapa,GPON_OLT,ZTE,C320_mini_OLT_ZTE,10.69.105.49,Chưa add white-list
387,YGN0577OLT001,YGN0577,MYT_YGN_TEAM09_North Okkalapa,GPON_OLT,ZTE,C320_mini_OLT_ZTE,10.69.106.177,Chưa add white-list
388,YGN1350OLT001,YGN1350,MYT_YGN_TEAM09_North Okkalapa,GPON_OLT,ZTE,C320_mini_OLT_ZTE,10.69.106.81,Chưa add white-list
389,YGN0287OLT001,YGN0287,MYT_YGN_TEAM09_North Okkalapa,GPON_OLT,ZTE,C320_mini_OLT_ZTE,10.77.11.145,Chưa add white-list
390,YGN0204OLT001,YGN0204,MYT_YGN_TEAM09_North Okkalapa,GPON_OLT,ZTE,C320_mini_OLT_ZTE,10.77.3.145,Chưa add white-list
391,YGN0581OLT001,YGN0581,MYT_YGN_TEAM09_North Okkalapa,GPON_OLT,ZTE,C320_mini_OLT_ZTE,10.77.7.193,Chưa add white-list
392,YGN1389OLT001,YGN1389,MYT_YGN_TEAM02_Thaketa,GPON_OLT,ZTE,C610,10.69.109.161,Chưa add white-list
393,YGN1068OLT002,YGN1068,MYT_YGN_TEAM02_Thaketa,GPON_OLT,ZTE,C610,10.69.91.2,Chưa add white-list
394,YGN1430OLT002,YGN1430,MYT_YGN_TEAM02_Thaketa,GPON_OLT,ZTE,C610,10.69.100.98,Chưa add white-list
395,YGN1245OLT001,YGN1245,MYT_YGN_TEAM02_Thaketa,GPON_OLT,ZTE,C610,10.69.110.50,Chưa add white-list
396,YGN0554OLT001,YGN0554,MYT_YGN_TEAM02_Thaketa,GPON_OLT,Huawei,MA5801,10.77.7.145,Chưa add white-list
397,YGN0565OLT001,YGN0565,MYT_YGN_TEAM02_Thaketa,GPON_OLT,Huawei,MA5801,10.77.8.145,Chưa add white-list
398,YGN1100OLT001,YGN1100,MYT_YGN_TEAM02_Thaketa,GPON_OLT,ZTE,C610,10.77.9.81,Chưa add white-list
399,YGN1107OLT001,YGN1107,MYT_YGN_TEAM02_Thaketa,GPON_OLT,ZTE,C320_mini_OLT_ZTE,10.77.8.177,Chưa add white-list
400,YGN0308OLT001,YGN0308,MYT_YGN_TEAM02_Thaketa,GPON_OLT,ZTE,C320_mini_OLT_ZTE,10.77.13.81,Chưa add white-list
401,YGN0291OLT001,YGN0291,MYT_YGN_TEAM02_Thaketa,GPON_OLT,ZTE,C320_mini_OLT_ZTE,10.77.11.193,Chưa add white-list
402,YGN0334OLT001,YGN0334,MYT_YGN_TEAM02_Thaketa,GPON_OLT,ZTE,C320_mini_OLT_ZTE,10.77.12.65,Chưa add white-list
403,YGN0286OLT001,YGN0286,MYT_YGN_TEAM02_Thaketa,GPON_OLT,ZTE,C320_mini_OLT_ZTE,10.77.9.209,Chưa add white-list
404,YGN0299OLT001,YGN0299,MYT_YGN_TEAM02_Thaketa,GPON_OLT,ZTE,C320_mini_OLT_ZTE,10.77.11.225,Chưa add white-list
405,YGN0185OLT001,YGN0185,MYT_YGN_TEAM02_Thaketa,GPON_OLT,ZTE,C320_mini_OLT_ZTE,10.69.123.209,Chưa add white-list
406,YGN1426OLT001,YGN1426,MYT_YGN_TEAM02_Thaketa,GPON_OLT,ZTE,C320_mini_OLT_ZTE,10.77.6.17,Chưa add white-list
407,YGN0582OLT001,YGN0582,MYT_YGN_TEAM02_Thaketa,GPON_OLT,ZTE,C320_mini_OLT_ZTE,10.77.8.49,Chưa add white-list
408,YGN0131OLT001,YGN0131,MYT_YGN_TEAM02_Thaketa,GPON_OLT,ZTE,C320_mini_OLT_ZTE,10.77.4.193,Chưa add white-list
409,YGN0289OLT001,YGN0289,MYT_YGN_TEAM02_Thaketa,GPON_OLT,ZTE,C320_mini_OLT_ZTE,10.77.9.241,Chưa add white-list
410,YGN0189OLT001,YGN0189,MYT_YGN_TEAM02_Thaketa,GPON_OLT,ZTE,C320_mini_OLT_ZTE,10.77.5.145,Chưa add white-list
411,YGN0147OLT001,YGN0147,MYT_YGN_TEAM02_Thaketa,GPON_OLT,ZTE,C320_mini_OLT_ZTE,10.69.123.225,Chưa add white-list
412,YGN0032OLT001,YGN0032,MYT_YGN_TEAM02_Thaketa,GPON_OLT,ZTE,C320_mini_OLT_ZTE,10.69.123.145,Chưa add white-list
413,YGN0531OLT001,YGN0531,MYT_YGN_TEAM02_Thaketa,GPON_OLT,ZTE,C320_mini_OLT_ZTE,10.77.6.65,Chưa add white-list
414,YGN0528OLT001,YGN0528,MYT_YGN_TEAM02_Thaketa,GPON_OLT,ZTE,C320_mini_OLT_ZTE,10.77.7.225,Chưa add white-list
415,YGN0589OLT001,YGN0589,MYT_YGN_TEAM02_Thaketa,GPON_OLT,ZTE,C320_mini_OLT_ZTE,10.77.6.33,Chưa add white-list
416,YGN0009OLT001,YGN0009,MYT_YGN_TEAM02_Thaketa,GPON_OLT,ZTE,C320_mini_OLT_ZTE,10.69.127.49,Chưa add white-list
417,YGN0587OLT001,YGN0587,MYT_YGN_TEAM02_Thaketa,GPON_OLT,ZTE,C320_mini_OLT_ZTE,10.77.6.1,Chưa add white-list
418,YGN0552OLT001,YGN0552,MYT_YGN_TEAM02_Thaketa,GPON_OLT,ZTE,C320_mini_OLT_ZTE,10.77.7.33,Chưa add white-list
419,YGN0075OLT001,YGN0075,MYT_YGN_TEAM02_Thaketa,GPON_OLT,ZTE,C320_mini_OLT_ZTE,10.69.126.65,Chưa add white-list
420,YGN0184OLT001,YGN0184,MYT_YGN_TEAM02_Thaketa,GPON_OLT,ZTE,C320_mini_OLT_ZTE,10.77.4.1,Chưa add white-list
421,YGN0107OLT001,YGN0107,MYT_YGN_TEAM02_Thaketa,GPON_OLT,ZTE,C320_mini_OLT_ZTE,10.69.125.1,Chưa add white-list
422,YGN0666OLT002,YGN0666,MYT_YGN_TEAM04_Mayangone,GPON_OLT,ZTE,C610,10.69.100.34,Chưa add white-list
423,YGN0178OLT001,YGN0178,MYT_YGN_TEAM04_Mayangone,GPON_OLT,ZTE,C610,10.77.15.65,Chưa add white-list
424,YGN1462OLT001,YGN1462,MYT_YGN_TEAM04_Mayangone,GPON_OLT,ZTE,C610,10.77.28.113,Chưa add white-list
425,YGN1188OLT002,YGN1188,MYT_YGN_TEAM04_Mayangone,GPON_OLT,ZTE,C610,10.77.19.130,Chưa add white-list
426,YGN1305OLT001,YGN1305,MYT_YGN_TEAM04_Mayangone,GPON_OLT,Huawei,MA5801,10.69.104.65,Chưa add white-list
427,YGN1469OLT002,YGN1469,MYT_YGN_TEAM04_Mayangone,GPON_OLT,Huawei,MA5801,10.69.23.226,Chưa add white-list
428,YGN1469OLT001,YGN1469_01,MYT_YGN_TEAM04_Mayangone,GPON_OLT,Huawei,MA5801,10.69.23.225,Chưa add white-list
429,YGN0206OLT001,YGN0206,MYT_YGN_TEAM04_Mayangone,GPON_OLT,ZTE,C610,10.77.0.209,Chưa add white-list
